URL,Keyword,Text To Export
www.healthline.com/health/cryotherapy-weight-loss,cryotherapy for weight loss,But does cryotherapy for weight loss really have any science behind it? The short answer is probably not.
www.cryozonehealth.co.uk/benefits/weight-loss/,cryotherapy for weight loss,
www.degreewellness.com/2019/06/how-often-should-i-use-cryotherapy-treatments-to-get-the-best-results/,cryotherapy for weight loss,
https://my.clevelandclinic.org/health/treatments/21060-fat-freezing-cryolipolysis,cryotherapy for weight loss,
www.medicalnewstoday.com/articles/322060,cryotherapy for weight loss,
https://musclelab.la/blogs/news/the-benefits-of-cryotherapy-weight-loss,cryotherapy for weight loss,
www.openfit.com/cryotherapy,cryotherapy for weight loss,
https://digitalhealthcentral.com/2021/08/15/cryotherapy-weight-loss/,cryotherapy for weight loss,
https://health.usnews.com/wellness/articles/should-you-try-whole-body-cryotherapy,cryotherapy for weight loss,
www.cryo.com.au/how-to-lose-weight-fast-with-cryotherapy/,cryotherapy for weight loss,
https://thebeet.com/what-is-cryotherapy-and-should-you-try-it-help-you-lose-weight/,cryotherapy for weight loss,
https://cryotherapyofwisconsin.com/cryotherapy-for-weight-loss/,cryotherapy for weight loss,
https://icryo.com/how-can-cryotherapy-help-with-weight-loss/,cryotherapy for weight loss,
www.zwivel.com/blog/cryotherapy-review/,cryotherapy for weight loss,
www.recoveryscienceinc.com/cryotherapy-for-weight-loss/,cryotherapy for weight loss,
https://redbank.chillcryo.net/whole-body-cryotherapy-for-weight-loss/,cryotherapy for weight loss,
https://daysofadomesticdad.com/does-cryotherapy-weight-loss-really-work/,cryotherapy for weight loss,
www.marham.pk/healthblog/benefits-of-cryotherapy-for-weight-loss/,cryotherapy for weight loss,
https://seoulcosmeticsurgery.com/cryotherapy-benefits-for-weightloss/,cryotherapy for weight loss,
https://cryonaples.com/is-cryotherapy-for-weight-loss/,cryotherapy for weight loss,
https://medium.com/@cryoinnovations/cryotherapy-for-weight-loss-b8d182625c3d,cryotherapy for weight loss,
www.pinterest.com/chillcryo/cryotherapy-for-weight-loss/,cryotherapy for weight loss,
https://koarecovery.com.au/cryotherapy-for-weight-loss/,cryotherapy for weight loss,
https://ucryo-usa.com/cryotherapy-vs-coolsculpting/?utm_source=gmb&utm_medium=organic,cryotherapy for weight loss,
https://chillcryotherapy.net/cryotherapy-benefits/,cryotherapy for weight loss,
www.chillcryosauna.com/blognew/tag/cryotherapy-for-weight-loss/,cryotherapy for weight loss,
www.reverselbk.com/services/cryotherapy/,cryotherapy for weight loss,
www.quora.com/Can-you-lose-weight-with-cryotherapy,cryotherapy for weight loss,
https://shilpaahuja.com/cryotherapy-weight-loss/,cryotherapy for weight loss,
www.korikryotherapy.com/new-year-new-cryotherapy/,cryotherapy for weight loss,
https://camboriu.sc.gov.br/lose-weight/cryotherapy-for-weight-loss.html,cryotherapy for weight loss,
https://chillpensacola.com/cryo-younger-skin,cryotherapy for weight loss,
https://westsidetan.com/cryotherapy-weight-loss/,cryotherapy for weight loss,
www.elitewellnessperformance.com/cryotherapy-in-maryland/,cryotherapy for weight loss,
www.lacure.com.au/blog/2019/10/29/cryotherapy-for-weight-loss,cryotherapy for weight loss,
https://vocal.media/longevity/cryotherapy-for-weight-loss,cryotherapy for weight loss,
https://tayloredcryotherapy.com.au/cryotherapy-for-weight-loss/,cryotherapy for weight loss,
https://mlaceyd.com/cryotherapy-benefits-reviewed/,cryotherapy for weight loss,
www.michiganhealthandwellness.com/services-we-offer/fat-reduction-body-sculpting/,cryotherapy for weight loss,
https://howtodiscuss.com/t/cryotherapy-weight-loss/155477,cryotherapy for weight loss,
www.reddit.com/r/skeptic/comments/ejcx97/cryotherapy_for_weight_loss/,cryotherapy for weight loss,
www.definitionsportsmassage.com/what-is-cryotherapy/,cryotherapy for weight loss,
https://peakperformancerecovery.com/cryotherapy-and-weight-loss/,cryotherapy for weight loss,
www.cryoinnovations.com/blog/2021/1/20/0gwrszbjuuw83phw1am452kh1pewge,cryotherapy for weight loss,
https://movewellinhome.com/blog-posts/2018/7/26/whole-body-cryotherapy-will-it-help-me-lose-weight,cryotherapy for weight loss,
https://bzcryo.com.au/category/weight-loss-and-cellulite/,cryotherapy for weight loss,
www.healthholistic.com/cryotherapy-weight-loss/,cryotherapy for weight loss,
www.thejakartapost.com/life/2018/02/15/all-you-need-to-know-about-cryotherapy-for-weight-loss.html,cryotherapy for weight loss,
https://bogotanning.com/cryotherapy,cryotherapy for weight loss,
www.youtube.com/watch?v=sXOItLUsiFo,cryotherapy for weight loss,
www.buckscountyspa.com/cryo-therapy/anti-aging/weight-loss,cryotherapy for weight loss,
www.rejuvcryo.com/the-science/2019/1/20/bulletproof-dave-asprey-on-cryotherapy-for-weight-loss,cryotherapy for weight loss,
www.mcgilldaily.com/bmecL86-weight/DDs7s-what-is-cryotherapy-for-weight-loss,cryotherapy for weight loss,
https://en.paperblog.com/how-cryotherapy-can-reduce-fat-and-promote-weight-loss-7013787/,cryotherapy for weight loss,
www.pachouli.in/services/services-cryo-coolsculpting/,cryotherapy for weight loss,
https://hydralivetherapy.com/blog/2019/12/02/14-amazing-benefits-of-cryotherapy-as-a-holistic-treatment-for-health-and-mental-wellness/,cryotherapy for weight loss,
https://ahcryo.com/2017/02/21/cool-way-lose-weight/,cryotherapy for weight loss,
www.yugeva.com/benefit/cryo-weight-loss/,cryotherapy for weight loss,
www.physicaltherapygroupofflorida.com/cryotherapy/,cryotherapy for weight loss,
www.alibaba.com/product-detail/ADSS-Fat-freezing-vacuum-cryotherapy-for_60839089842.html,cryotherapy for weight loss,
www.suncoastskin.com/cryotherapy-pros-and-cons-2/,cryotherapy for weight loss,
www.brighterperformance.com/does-cryotherapy-burn-fat/,cryotherapy for weight loss,
https://cryomedpro.com/faq/how-often-can-i-use-a-cryosauna/,cryotherapy for weight loss,
https://m.made-in-china.com/product/Vacuum-Cryotherapy-for-Weight-Loss-Machines-707044652.html,cryotherapy for weight loss,
www.facebook.com/TheAdleyShow/videos/trying-cryotherapy-for-weight-loss-/2564771433782909/,cryotherapy for weight loss,
https://californiacryollc.com/cryotherapy,cryotherapy for weight loss,
https://r4dn.com/has-anyone-lost-weight-with-cryotherapy/,cryotherapy for weight loss,
https://howtocure.com/cryotherapy-weight-loss/,cryotherapy for weight loss,
www.mindbodygreen.com/articles/cryotherapy-the-risks-benefits-and-facts,cryotherapy for weight loss,
https://hazelnews.com/the-weight-loss-and-cryotherapy-benefits-of-this-strange-cold-treatment/,cryotherapy for weight loss,
www.staxcryo.com/benefits/weight-loss,cryotherapy for weight loss,
https://ngcdf.go.ke/diet-guides/what-is-cryotherapy-for-weight-loss.html,cryotherapy for weight loss,
www.crossfitsnyder.com/cryotherapy/,cryotherapy for weight loss,
https://issuu.com/alalwellnesslounge/docs/chicago_weight_loss_wellness_clinic.pptx,cryotherapy for weight loss,
https://cherishsisters.com/the-benefits-of-cryotherapy-in-long-term-weight-loss/,cryotherapy for weight loss,
www.regardelle.com/whole-body-cryotherapy-losing-weight-and-treating-cellulite-with-cryotherapy/,cryotherapy for weight loss,
https://cryotherapybarnsley.co.uk/cryo-chamber-whole-body-cryotherapy/,cryotherapy for weight loss,
www.ifwewerefamily.com/cryotherapy-weight-loss/,cryotherapy for weight loss,
https://absolutezero.com.sg/cryotherapy/whole-body-cryotherapy-for-weight-loss/,cryotherapy for weight loss,
https://thrivedripspa.com/cryotherapy/,cryotherapy for weight loss,
https://goosebumpscryotherapy.com/benefits/,cryotherapy for weight loss,
https://proclinics.tumblr.com/post/682765292925009920/cryotherapy-for-weight-loss,cryotherapy for weight loss,
www.spajavea.es/weight-loss,cryotherapy for weight loss,
https://metime.com/patients/solutions/whole-body-cryotherapy,cryotherapy for weight loss,
http://benchmarkmedicalgroup.com/benefits,cryotherapy for weight loss,
www.eihmd.com/about-us/faq/,cryotherapy for weight loss,
https://caloxinc.com/blog/the-benefits-of-liquid-nitrogen-in-cryotherapy/,cryotherapy for weight loss,
www.dhgate.com/product/2018-best-selling-4-handles-cryolipolysis/415476734.html,cryotherapy for weight loss,
www.cryoliving.com/video/,cryotherapy for weight loss,
https://cake2go.com/cryotherapy-for-weight-loss/,cryotherapy for weight loss,
www.cryoxtreme.com/cryo-benefits/,cryotherapy for weight loss,
https://dirtmag.co/cryotherapy-guide-benefits-risks-chambers-price/,cryotherapy for weight loss,
www.today.com/video/freezing-her-hunger-nerve-helped-this-woman-lose-25-pounds-1202291779940,cryotherapy for weight loss,
www.newsshare.in/is-there-any-evidence-for-cryotherapy-93028.html,cryotherapy for weight loss,
https://navid-noroozi.de/cryotherapy-cost.html,cryotherapy for weight loss,
https://books.google.com/books?id=CapVEAAAQBAJ&pg=PA191&lpg=PA191&dq=%22cryotherapy+for+weight+loss%22&source=bl&ots=6r4y47_6U-&sig=ACfU3U2JIWcF_yD5DKjxRYMzG9ExLott-A&hl=en&sa=X&ved=2ahUKEwi99teviqP4AhWNKEQIHVlNARUQ6AF6BQjWAhAD,cryotherapy for weight loss,
https://justcryogenics.com/cryotherapy-weight-loss/,cryotherapy for weight loss,
https://cryotherapyindy.com/blog/cryotherapy-for-arthritis-treatment-everything-you-need-to-know/,cryotherapy for arthritis,
https://cryotherapyindy.com/blog/cryotherapy-for-arthritis-treatment-everything-you-need-to-know/,cryotherapy for arthritis,
www.degreewellness.com/2019/06/how-often-should-i-use-cryotherapy-treatments-to-get-the-best-results/,cryotherapy for arthritis,
www.ncbi.nlm.nih.gov/pmc/articles/PMC5241365/,cryotherapy for arthritis,
www.healthline.com/health/cryotherapy-benefits,cryotherapy for arthritis,
https://cbbblvd.com.au/cryotherapy-for-arthritis-how-does-it-work/,cryotherapy for arthritis,
www.luxcryo.com/cryotherapy-for-arthritis-pain/,cryotherapy for arthritis,
www.londoncryo.com/blog/2021/11/9/should-you-try-cryotherapy-to-help-rheumatoid-arthritis-symptoms,cryotherapy for arthritis,
https://orthobracing.com/blogs/resources/cold-therapy-as-arthritis-treatment-what-to-know,cryotherapy for arthritis,
https://peakrecoveryandhealthcenter.com/whole-body-cryotherapy-for-arthritis/,cryotherapy for arthritis,
https://musclelab.la/blogs/news/suffering-from-arthritis-does-cryotherapy-work,cryotherapy for arthritis,
www.rivannarecovery.com/post/whole-body-cryotherapy-for-arthritis-application-effects-and-suggested-treatment-regimens,cryotherapy for arthritis,
https://rockymountaincryotherapy.com/cryotherapy-arthritis/,cryotherapy for arthritis,
https://flocryo.com.au/whole-body-cryotherapy-for-arthritis/,cryotherapy for arthritis,
https://thecryobar.com/aging-kangaroo-get-cryotherapy-treatment-arthritis-fox13/,cryotherapy for arthritis,
https://hydralivetherapy.com/blog/2019/12/02/14-amazing-benefits-of-cryotherapy-as-a-holistic-treatment-for-health-and-mental-wellness/,cryotherapy for arthritis,
www.health.harvard.edu/staying-healthy/is-whole-body-cryotherapy-effective-and-safe,cryotherapy for arthritis,
https://recoveryjungle.com.au/cryotherapy-for-arthritis-sufferers-improving-mobility-and-reducing-pain/,cryotherapy for arthritis,
www.edgesportsmed.com/whole-body-cryotherapy-treatment/,cryotherapy for arthritis,
https://absolutezerocryo.com/services/,cryotherapy for arthritis,
www.chillcryosauna.com/blognew/cryotherapy-benefits/pain-management/relieve-arthritis-pain-with-cryotherapy/,cryotherapy for arthritis,
www.facebook.com/2113320268906277/posts/cryotherapy-for-arthritis-%EF%B8%8Fthis-is-charlotte-she-uses-cryo-a-few-mornings-per-we/2848121425426154/,cryotherapy for arthritis,
www.pinterest.pt/pin/337770040776228092/,cryotherapy for arthritis,
https://cryo1.co.uk/our-services/pain-management/,cryotherapy for arthritis,
https://ms-my.facebook.com/cryobarnsley/videos/cryotherapy-for-arthritis-carpal-tunnel-syndrome-wrist-pain-back-pain-knee-pain-/474573629933257/,cryotherapy for arthritis,
https://aquaspafloatcenter.com/spa-services-oswego/cryotherapy-oswego/,cryotherapy for arthritis,
https://bluvida.com/cryogenic-therapy/,cryotherapy for arthritis,
https://abc7ny.com/cryotherapy-kangaroo-physical-therapy-bronx-zoo/3199226/,cryotherapy for arthritis,
www.yugeva.com/testimonials,cryotherapy for arthritis,
www.agelessjax.com/beauty-and-anti-aging,cryotherapy for arthritis,
www.bookwell.com.au/guides/everything-you-need-to-know-about-cryotherapy,cryotherapy for arthritis,
www.verywellhealth.com/how-long-should-you-ice-an-injury-2696108,cryotherapy for arthritis,
www.washingtontimes.com/news/2018/mar/10/aging-kangaroo-in-the-bronx-to-get-cryotherapy-for/,cryotherapy for arthritis,
https://mlaceyd.com/cryotherapy-benefits-reviewed/,cryotherapy for arthritis,
www.foxnews.com/science/bronx-zoo-kangaroo-gets-cryotherapy-for-arthritis,cryotherapy for arthritis,
https://zionsvillemonthlymagazine.com/recovery-room-cryotherapy-near-me/,cryotherapy for arthritis,
https://carmelmonthlymagazine.com/tag/cryotherapy-for-arthritis/,cryotherapy for arthritis,
https://cryotherapytoronto.ca/effects-of-cryotherapy-on-inflammation-chronic-vs-acute/,cryotherapy for arthritis,
https://pure-medical.co.uk/cryotherapy,cryotherapy for arthritis,
https://cryonis.es/cryotherapy-en/,cryotherapy for arthritis,
https://mobile.twitter.com/BronxZoo/status/973221535602348034,cryotherapy for arthritis,
www.instagram.com/cryopy_florida/?hl=en,cryotherapy for arthritis,
www.nbcnewyork.com/news/local/dave-the-kangaroo-at-bronx-zoo-to-get-cryotherapy-for-arthritis/1794850/,cryotherapy for arthritis,
www.amazon.co.uk/review/R1ZT1B7LJ7Q4KX,cryotherapy for arthritis,
www.pacificryo.net/pricing,cryotherapy for arthritis,
www.mapquest.com/us/new-hampshire/bigelow-chiropractic-center-362873,cryotherapy for arthritis,
https://yellow.place/en/star-cryotherapy-tucson-az-usa,cryotherapy for arthritis,
https://nexlevel247fitness.com.au/recoveryintro/,cryotherapy for arthritis,
www.thelayacenter.com/blog/2019/11/13/9-cryotherapy-benefits-how-cryotherapy-can-improve-your-health,cryotherapy for arthritis,
https://healthprep.com/arthritis/guide-old-fashioned-herbs-spices-arthritis/,cryotherapy for arthritis,
https://donmsantana.wordpress.com/2016/07/06/feds-call-bullshit-on-whole-body-cryotherapy/,cryotherapy for arthritis,
www.manta.com/c/mx4p93w/peninsula-wellness-centre,cryotherapy for arthritis,
https://books.google.com/books?id=wMJrX4AB80IC&pg=RA1-PA10&lpg=RA1-PA10&dq=%22cryotherapy+for+arthritis%22&source=bl&ots=cxOP8pL8E2&sig=ACfU3U379CYYZm4wb-qOYRey6uz5v7a5GA&hl=en&sa=X&ved=2ahUKEwi3zumTkKP4AhUmKkQIHfaVBRIQ6AF6BQjwARAD,cryotherapy for arthritis,
www.lifeberrys.com/tags/arthritis,cryotherapy for arthritis,
https://knowabouthealth.com/blog/,cryotherapy for arthritis,
www.prweb.com/releases/2016/11/prweb13850220.htm,cryotherapy for arthritis,
https://drhealthbenefits.com/disease-disorder/therapy/health-benefits-of-ichthyotherapy,cryotherapy for arthritis,
www.inspire.com/groups/arthritis/discussion/natural-approach-to-treat-ra/,cryotherapy for arthritis,
https://patient.info/forums/discuss/i-ve-heard-of-some-people-who-used-alloprinol-successfully-for-pmr-402619,cryotherapy for arthritis,
https://afrolet.com/blog/lets-get-to-know-the-health-benefits-of-chamomile-oil-for-pregnant-women,cryotherapy for arthritis,
https://hipandkneerelief.com/survival-of-partial-knee-vs-total-knee-replacements/,cryotherapy for arthritis,
www.beautynailhairsalons.com/US/Tucson/141777343150337/Star-Cryotherapy,cryotherapy for arthritis,
https://ublizitertek.com/2019/10/17/how-does-cryotherapy-decrease-inflammation/-fim2764fahzll,cryotherapy for arthritis,
www.youtube.com/watch?v=qp8v_de9VN4,cryotherapy for arthritis,
www.localgymsandfitness.com/US/Fremont/200333717001436/K2-Cryotherapy,cryotherapy for arthritis,
https://kejari-jember.go.id/jaksa-masuk-pesantren/,cryotherapy for arthritis,
www.findglocal.com/US/Caldwell/290288228237782/Beyond-Cryotherapy,cryotherapy for arthritis,
www.cryostayyoung.com/your-inside-guide-to-cryotherapy-for-beauty-general-wellness/,cryotherapy for beauty,
www.healthline.com/health/cryotherapy-facial,cryotherapy for beauty,
www.orlandosentinel.com/brandpublishing/a-better-you/os-turn-back-time-with-cryotherapy-20160915-story.html,cryotherapy for beauty,
www.cryocareusa.com/cryo-skin-tightening,cryotherapy for beauty,
https://chillpensacola.com/chill-news/skin-and-anti-aging-benefits-of-whole-body-and-local-cryotherapy,cryotherapy for beauty,
https://space-cabin.com/why-cryotherapy/wbc-for-beauty-industry/,cryotherapy for beauty,
https://stayyoungcryo.com.au/cryotherapy-for-beauty/,cryotherapy for beauty,
https://cryotherapyindy.com/services/cryotherapy/beauty-and-anti-aging-benefits/,cryotherapy for beauty,
https://chillpensacola.com/cryo-younger-skin,cryotherapy for beauty,
https://therecoveryhub.com.au/beauty-and-ageing-benefits-cryotherapy/,cryotherapy for beauty,
www.valleycryotherapy.com/beauty,cryotherapy for beauty,
www.illuminateplasticsurgery.com/procedures/cryofacial/,cryotherapy for beauty,
www.totalcryo.com/news/collagen-is-it-just-the-latest-buzzword,cryotherapy for beauty,
www.optimallife.com.au/cryo-for-beauty/,cryotherapy for beauty,
https://cryomedpro.com/articles/what-is-local-cryotherapy/,cryotherapy for beauty,
www.pinterest.com/pin/333759022365383503/,cryotherapy for beauty,
https://chillcryotherapy.net/,cryotherapy for beauty,
https://socialifestylemag.com/2016/09/cryotherapy-for-beauty-and-physical-benefits/,cryotherapy for beauty,
www.wprbeautyspaandcosmetic.co.uk/treatments/cryo-facial-2/,cryotherapy for beauty,
https://thrivedripspa.com/cryotherapy/,cryotherapy for beauty,
www.cryozonehealth.co.uk/benefits/beauty/,cryotherapy for beauty,
www.recoveryscienceinc.com/the-7-benefits-of-cryotherapy/,cryotherapy for beauty,
www.sportscryoofthewoodlands.com/beauty,cryotherapy for beauty,
https://cryofast.fr/en/,cryotherapy for beauty,
www.alibaba.com/showroom/cryotherapy-facial-machine.html,cryotherapy for beauty,
https://bluvida.com/cryogenic-therapy/,cryotherapy for beauty,
www.7cryo.co.uk/cryotherapy_beauty.html,cryotherapy for beauty,
www.vogue.fr/beauty-tips/worldwide-beauty/diaporama/hollywood-beauty-secrets/30924,cryotherapy for beauty,
https://cs-cz.facebook.com/cryosc,cryotherapy for beauty,
https://sw-ke.facebook.com/cryoconditioning/videos/book-your-cryofacial-today-and-see-why-people-around-the-world-are-turning-to-cr/731707020344794/?__so__=permalink&__rv__=related_videos,cryotherapy for beauty,
http://benchmarkmedicalgroup.com/benefits,cryotherapy for beauty,
https://cryotherapyandspa.com/about,cryotherapy for beauty,
https://twitter.com/cryomidlands?lang=en,cryotherapy for beauty,
https://collectivelycandice.com/blog/the-cryotherapy-experience-featuring-cryohealthcare,cryotherapy for beauty,
www.cryohealthsolutions.com/sports-fitness,cryotherapy for beauty,
www.amazon.com/Freeze-Film-Antifreeze-Pieces-Premium/dp/B09W2ZFQMQ,cryotherapy for beauty,
www.amazon.com/Freeze-Film-Antifreeze-Pieces-Premium/dp/B09W2ZFQMQ,cryotherapy for beauty,
https://revivebodymind.com/,cryotherapy for beauty,
http://cryoadvancedtechnology.com/,cryotherapy for beauty,
https://isabeauty.in/product/ice-therapy/,cryotherapy for beauty,
www.staxcryo.com/,cryotherapy for beauty,
www.biospace.com/article/cryotherapy-is-now-being-used-as-a-cure-for-those-suffering-from-loss-of-smell-due-to-covid-19/,cryotherapy for beauty,
https://dailyvanity.sg/tag/cryotherapy-for-beauty/,cryotherapy for beauty,
https://stock.adobe.com/video/cryotherapy-for-beauty-of-face/144904646?as_campaign=ftmigration2&as_channel=dpcft&as_campclass=brand&as_source=ft_web&as_camptype=acquisition&as_audience=users&as_content=closure_asset-detail-page,cryotherapy for beauty,
https://torontocryocorp.com/cryotherapy-beauty/,cryotherapy for beauty,
https://marketresearch.biz/report/cryotherapy-market/,cryotherapy for beauty,
https://sublimelife.in/products/ice-therapy-sachet-refills,cryotherapy for beauty,
https://drypz.com/cryotherapy/,cryotherapy for beauty,
www.cryotherapyar.co.uk/beauty/,cryotherapy for beauty,
https://salonathome.in/salon-appointment/ice-facial/,cryotherapy for beauty,
www.elitelearning.com/resource-center/rehabilitation-therapy/physical-therapy/frozen-treats-ice-baths-cryotherapy/,cryotherapy for beauty,
https://thefuelstop.com/about/,cryotherapy for beauty,
https://cryoworx.com/,cryotherapy for beauty,
www.calameo.com/books/0057211819def145f5f2e,cryotherapy for beauty,
https://icequeen-cryo.com/en/,cryotherapy for beauty,
www.bermanchiropractic.com/cryotherapy,cryotherapy for beauty,
https://cryomed.pro/equipment/cryofans/,cryotherapy for beauty,
www.ubuy.com.ru/en/product/4DUAJ9NWM-ice-face-roller-ice-for-face-holder-face-ice-mold-gua-sha-face-massage-for-brighten-skin-enhance-your-natural-glow-remove-fine-lines-shrink-pores,cryotherapy for beauty,
www.linkedin.com/pulse/top-7-benefits-cryotherapy-marc-anthony-rice,cryotherapy for beauty,
www.minus250degrees.com/cryo,cryotherapy for beauty,
https://international-cryotherapy-education.thinkific.com/,cryotherapy for beauty,
https://vk.com/wall-192565193_764?lang=en,cryotherapy for beauty,
https://hoticetreatmentroomsblog.wordpress.com/,cryotherapy for beauty,
www.cryocompany.eu/onderzoeken/,cryotherapy for beauty,
https://marketersmedia.com/alamo-ca-cryo-health-spa-cryotherapy-thermal-clinic-wellness-services-launched/488420,cryotherapy for beauty,
www.pontofrio.com.br/atualize-o-molde-do-rolo-de-gelo-facial-para-o-rosto-e-o-olho-ferramenta-guasha-reutilizavel-cryo-cube-ice-roller-cryotherapy-for-beauty-customize-re/p/1533984144,cryotherapy for beauty,
www.dr3therapy.com/cryotherapy/,cryotherapy for beauty,
www.extra.com.br/atualize-o-molde-do-rolo-de-gelo-facial-para-o-rosto-e-o-olho-ferramenta-guasha-reutilizavel-cryo-cube-ice-roller-cryotherapy-for-beauty-customize-re/p/1533984144,cryotherapy for beauty,
https://cryovigor.wordpress.com/category/cryo-facial-treatment-nyc/,cryotherapy for beauty,
https://issuu.com/cryovigor/docs/why_you_should_go_for_a_whole_body_,cryotherapy for beauty,
https://quizlet.com/511746921/icryo-benefits-flash-cards/?src=set_page_ssr,cryotherapy for beauty,
https://cryocompany.nl/onderzoeken/,cryotherapy for beauty,
www.desertcart.cr/amp/products/394340260-upgrade-facial-ice-roller-mold-for-face-and-eye-guasha-tool-reusable-cryo-cube-ice-roller-cryotherapy-for-beauty-customize-recipe-to-remove-fine-lines-shrink-pores-reduce-acne-de-puff-eye-bag-pink,cryotherapy for beauty,
www.flipkart.com/isa-ice-therapy/p/itmfchqh3nvkqwzw,cryotherapy for beauty,
www.psychedinthecity.com/post/cryotherapy,cryotherapy for beauty,
https://tanning-salons-guide.com/028829509/Bee_Happy_Tanning_Spa,cryotherapy for beauty,
www.yumpu.com/en/document/view/59373006/brochure-scientific-studies-cryotherapy,cryotherapy for beauty,
https://slideplayer.com/slide/13209210/,cryotherapy for beauty,
www.beautynailhairsalons.com/US/Chester/240559589738341/Bee-Happy-Tanning-Spa,cryotherapy for beauty,
www.ilika.in/products/iilika-ice-globes-massager,cryotherapy for beauty,
https://procryo.eu/,cryotherapy for beauty,
https://medium.com/@cryovigor/faster-efficient-recovery-with-whole-body-cryotherapy-in-nyc-e446076a312b,cryotherapy for beauty,
https://cryotherapy-chamber.com/clinic/,cryotherapy for beauty,
https://heygyms.co.uk/05145170/CryoTherapy_Midlands,cryotherapy for beauty,
http://cryovigor.blogspot.com/2018/01/why-you-should-go-for-whole-body.html,cryotherapy for beauty,
https://lifestylebeauty.info/all-you-need-to-know-before-undergoing-cryotherapy-treatment/,cryotherapy for beauty,
www.koenbogaerts.be/cryofreeze/nog-niet-overtuigd-van-cryotherapie/,cryotherapy for beauty,
https://in.worldorgs.com/catalog/bengaluru/general-practitioner/heilsa,cryotherapy for beauty,
https://judge.me/reviews/livesublime.myshopify.com/products/ice-therapy,cryotherapy for beauty,
https://bonnee.com.au/tag/detox/,cryotherapy for beauty,
https://mypornvid.fun/videos/9/UwQNgprL1Vg/glace-bay/glace-bay-hockey-files-episode-1,cryotherapy for beauty,
https://podcastaddict.com/podcast/whats-your-wrinkler-the-plastic-surgery-show-with-dr-arthur-perry/2162677,cryotherapy for beauty,
www.findglocal.com/US/Chester/233236763509394/Massage-By-Jess,cryotherapy for beauty,
https://egerd.com/product/eg-B08PBHR4G5-US/face+ice+roller+cold+roller+for+face+and+eye+puffiness+relief+tighten+pores+face+massager+skin+care+tool/bot,cryotherapy for beauty,
https://web.podfriend.com/podcast/769663888,cryotherapy for beauty,
www.findhealthclinics.com/US/Chester/158932270807158/Chesapeake-Veterinary-Hospital,cryotherapy for beauty,
www.thefoldsouthernhighlands.com.au/the-guide/southern-highlands-revitalize-cryotherapy-infrared-sauna-benefits-mittagong.html,cryotherapy for beauty,
https://french.alibaba.com/product-detail/YDS-20-liquid-nitrogen-generator-cryogenic-60721639594.html,cryotherapy for beauty,
www.bloglovin.com/@cryovigor/where-to-get-effective-cryo-facial-treatment,cryotherapy for beauty,
https://teachingingeneral.blogspot.com/2020/12/teaching-hospitals-near-me.html,cryotherapy for beauty,
https://chillcryotherapy.net/cryotherapy-benefits/#:~:text=Cryotherapy%20for%20Athletic%20Performance%2C%20Injury%20%2B%20Recovery&text=Cryotherapy%20tricks%20the%20body%20into,cryotherapy for athletic performance,
https://chillcryotherapy.net/cryotherapy-benefits/#:~:text=Cryotherapy%20for%20Athletic%20Performance%2C%20Injury%20%2B%20Recovery&text=Cryotherapy%20tricks%20the%20body%20into,cryotherapy for athletic performance,
https://integrisok.com/resources/on-your-health/2020/august/can-cryotherapy-help-athletes-recover-faster,cryotherapy for athletic performance,
https://blog.gameready.com/blog/top-5-cryotherapy-benefits-for-athletes,cryotherapy for athletic performance,
www.ncbi.nlm.nih.gov/pmc/articles/PMC3917303/,cryotherapy for athletic performance,
https://pubmed.ncbi.nlm.nih.gov/28263409/,cryotherapy for athletic performance,
https://peakrecoveryandhealthcenter.com/cryotherapy-for-athletic-performance/,cryotherapy for athletic performance,
www.rivannarecovery.com/post/cryotherapy-for-athletic-performance-and-recovery,cryotherapy for athletic performance,
https://ucryo-usa.com/cryotherapy-for-athletic-performance-injury/,cryotherapy for athletic performance,
https://deserthealthnews.com/story/whole-body-cryotherapy-athletic-performance/,cryotherapy for athletic performance,
https://cryonaples.com/cryotherapy/cryo-benefits/athletic-performance-recovery/,cryotherapy for athletic performance,
www.recoveryscienceinc.com/the-7-benefits-of-cryotherapy/,cryotherapy for athletic performance,
https://infographicplaza.com/cryotherapy-for-athletic-performance-and-recovery/,cryotherapy for athletic performance,
https://ms-my.facebook.com/A3Cryoverse/videos/whole-body-cryotherapy-for-athletic-performance/3540345166090476/,cryotherapy for athletic performance,
www.edgesportsmed.com/whole-body-cryotherapy-treatment/,cryotherapy for athletic performance,
www.thrivewheeling.com/cryo/,cryotherapy for athletic performance,
http://sylvanotennisacademy.com/summer-tennis-camp-pics-building-confidence-cryotherapy-for-athletic-performance/,cryotherapy for athletic performance,
https://inthezonecryo.com/,cryotherapy for athletic performance,
https://99designs.com/print-design/contests/print-packaging-design-integrative-health-96663,cryotherapy for athletic performance,
www.cryofab.com/news/cryogenic-links-round-up/cryogenics-links-roundup-list.html,cryotherapy for athletic performance,
https://issuu.com/goodlifemagazinecoastalbend/docs/goodlife_magazine___coastal_bend___,cryotherapy for athletic performance,
www.flickr.com/photos/148875803@N04/,cryotherapy for athletic performance,
www.beautynailhairsalons.com/US/Claremore/1111917005516468/Reset-Chiropractic-and-Cryotherapy,cryotherapy for athletic performance,
www.cryo.com.au/does-whole-body-cryotherapy-help-with-back-pain/,cryotherapy for back pain,
www.cryo.com.au/does-whole-body-cryotherapy-help-with-back-pain/,cryotherapy for back pain,
https://mainlinetoday.com/life-style/does-cryotherapy-really-work/,cryotherapy for back pain,
https://pubmed.ncbi.nlm.nih.gov/30684327/,cryotherapy for back pain,
www.carbonworldhealth.com/blog/is-cryotherapy-safe,cryotherapy for back pain,
www.luxcryo.com/cryotherapy-for-back-pain/,cryotherapy for back pain,
www.laspine.com/cryotherapy-for-back-pain-relief/,cryotherapy for back pain,
www.hocwc.com/insights/how-cryotherapy-can-help-relieve-lower-back-pain,cryotherapy for back pain,
https://cryojuvenate.com/cryotherapy-and-back-pain/,cryotherapy for back pain,
www.cryozonehealth.co.uk/about/treatments-for/cryotherapy-back-pain/,cryotherapy for back pain,
https://p5perform.com/significant-improvement-of-low-back-pain-with-cryotherapy/,cryotherapy for back pain,
https://minimallyinvasiveneurosurgerytexas.com/cryotherapy-herniated-lumbar-disc/,cryotherapy for back pain,
https://cryo4life.com/pain-management/,cryotherapy for back pain,
https://spand-ice.com/cold-therapy-reaches-sub-zero-holistic-approach/,cryotherapy for back pain,
https://hydralivetherapy.com/blog/2019/12/02/14-amazing-benefits-of-cryotherapy-as-a-holistic-treatment-for-health-and-mental-wellness/,cryotherapy for back pain,
www.curavi.com/blogs/all/can-ice-therapy-help-relieve-back-pain,cryotherapy for back pain,
https://m.facebook.com/CryoCairns/videos/cryotherapy-for-back-pain/275281143200145/?depth=1,cryotherapy for back pain,
https://abstractptcryo.com/cryotherapy/cryotherapy-for-back-pain/,cryotherapy for back pain,
www.today.com/health/what-cryotherapy-does-it-work-experts-discuss-t145522,cryotherapy for back pain,
https://musclelab.la/blogs/news/how-to-prepare-for-your-first-cryotherapy-session,cryotherapy for back pain,
https://patient.info/forums/discuss/has-any-of-you-tried-cryotherapy-for-back-pain--617682,cryotherapy for back pain,
www.proclinics.co.uk/treatments/pain-relief-localised-cryotherapy/,cryotherapy for back pain,
www.ultracryorecovery.com/cryo-frequently-asked-questions,cryotherapy for back pain,
www.wazeesupperclub.com/is-cryo-good-for-back-pain/,cryotherapy for back pain,
https://firstaid4sport.co.uk/cryotherapy/,cryotherapy for back pain,
https://bluvida.com/cryogenic-therapy/,cryotherapy for back pain,
https://zionsvillemonthlymagazine.com/recovery-room-cryotherapy-near-me/,cryotherapy for back pain,
www.alicenorthrop.co.uk/hello/2019/8/10/cryotherapy-for-back-pain,cryotherapy for back pain,
www.bookwell.com.au/guides/everything-you-need-to-know-about-cryotherapy,cryotherapy for back pain,
https://orthovaughn.com/cryotherapy-for-back-pain/,cryotherapy for back pain,
https://cryonaples.com/category/blog/,cryotherapy for back pain,
https://featherstonpainclinic.co.nz/back-pain-treatment/,cryotherapy for back pain,
www.slideserve.com/innovativebody/cryotherapy-for-back-pain,cryotherapy for back pain,
https://shilpaahuja.com/cryotherapy-weight-loss/,cryotherapy for back pain,
www.quora.com/Has-anyone-done-cryotherapy-What-did-you-do-it-for-What-was-your-experience-like,cryotherapy for back pain,
https://yellow.place/en/star-cryotherapy-tucson-az-usa,cryotherapy for back pain,
www.championpraustin.com/blog-1,cryotherapy for back pain,
www.youtube.com/channel/UC23zYnL2YnqySt6C1F6fNVg,cryotherapy for back pain,
www.yellowpagecity.com/US/AZ/Tucson/Search/Chronic+Pain/Page+1/,cryotherapy for back pain,
https://alloutfootball.co.uk/faq/what-is-ice-cryotherapy,cryotherapy for back pain,
https://discoveryfalklands.com/cryotherapy-for-back-pain/,cryotherapy for back pain,
www.bariatricpal.com/topic/435168-cryotherapy-for-healing/,cryotherapy for back pain,
www.healthandmedicalspa.com/latest-update/do-you-know-a-cryosh/296,cryotherapy for back pain,
https://setsocial.com.au/carve-dogs/cryotherapy-experience-reddit.html,cryotherapy for back pain,
https://ezlocal.com/va/newport-news/health-consultant/0916257291,cryotherapy for back pain,
https://mobile.twitter.com/hashtag/mushroomsign?src=hash,cryotherapy for back pain,
https://website.informer.com/cryozonehealth.co.uk,cryotherapy for back pain,
https://knowabouthealth.com/blog/,cryotherapy for back pain,
www.sweatlodgeradio.com/how-long-do-you-stay-in-a-cryo-machine/,cryotherapy for back pain,
https://es.linkedin.com/in/jonathan-l%C3%B3pez-ophir-92b717159,cryotherapy for back pain,
https://nicelocal.co.uk/south-east/medical/cryojuvenate/reviews/,cryotherapy for back pain,
https://m.everychina.com/p-z52ffb28-112125527-110v-air-skin-cooling-machine-for-laser-pain-relief-1000w-minus-30c-cooling.html,cryotherapy for back pain,
https://backpainproduct.com/back-pain-cyprus/,cryotherapy for back pain,
www.klsilaser.com/sale-20319204-zimmer-cryo-chiller-air-cooler-cooling-skin-system-cool-beam-laser-machine.html,cryotherapy for back pain,
https://fotowisata.my.id/host-https-amartakarya.co.id/baca-cryosurgery-cryo-clinic-cryo-chamber-merseyside,cryotherapy for back pain,
fotowisata.my.id/host-https-amartakarya.co.id/baca-cryosurgery-cryo-clinic-cryo-chamber-merseyside,cryotherapy for back pain,
https://sottocornolarchitetti.it/meta-pubg/cryotherapy-experience-reddit.html,cryotherapy for back pain,
www.beautynailhairsalons.com/US/Tucson/141777343150337/Star-Cryotherapy,cryotherapy for back pain,
https://www.orlandomagazine.com/best-weight-loss-pills/,best weight loss pills,
https://www.mi-reporter.com/national-marketplace/best-weight-loss-pills-2022-top-diet-supplements-to-lose-weight/,best weight loss pills,
https://www.mensjournal.com/health-fitness/best-weight-loss-pills-2022/,best weight loss pills,
https://www.healthcanal.com/life-style-fitness/best-diet-pills-weight-loss,best weight loss pills,
https://www.mercurynews.com/2022/03/23/best-weight-loss-pills-top-5-diet-supplements-to-lose-weight-effectively,best weight loss pills,
